state,old_district,successor_district
Telangana,Adilabad,Adilabad
Telangana,Adilabad,Nirmal
Telangana,Adilabad,Mancherial
Telangana,Adilabad,Kumuram Bheem
Telangana,Nizamabad,Nizamabad
Telangana,Nizamabad,Kamareddy
Telangana,Karimnagar,Karimnagar
Telangana,Karimnagar,Jagtial
Telangana,Karimnagar,Peddapalli
Telangana,Karimnagar,Rajanna Sircilla
Telangana,Medak,Medak
Telangana,Medak,Sangareddy
Telangana,Medak,Siddipet
Telangana,Warangal,Warangal
Telangana,Warangal,Hanamkonda
Telangana,Warangal,Jangaon
Telangana,Warangal,Jayashankar Bhupalpally
Telangana,Warangal,Mahabubabad
Telangana,Warangal,Mulugu
Telangana,Khammam,Khammam
Telangana,Khammam,Bhadradri Kothagudem
Telangana,Nalgonda,Nalgonda
Telangana,Nalgonda,Suryapet
Telangana,Nalgonda,Yadadri Bhuvanagiri
Telangana,Mahbubnagar,Mahbubnagar
Telangana,Mahbubnagar,Nagarkurnool
Telangana,Mahbubnagar,Wanaparthy
Telangana,Mahbubnagar,Jogulamba Gadwal
Telangana,Mahbubnagar,Narayanpet
Telangana,Rangareddy,Rangareddy
Telangana,Rangareddy,Vikarabad
Telangana,Rangareddy,Medchal-Malkajgiri
Telangana,Hyderabad,Hyderabad
Andhra Pradesh,Srikakulam,Srikakulam
Andhra Pradesh,Srikakulam,Parvathipuram Manyam
Andhra Pradesh,Vizianagaram,Vizianagaram
Andhra Pradesh,Vizianagaram,Parvathipuram Manyam
Andhra Pradesh,Visakhapatnam,Visakhapatnam
Andhra Pradesh,Visakhapatnam,Anakapalli
Andhra Pradesh,Visakhapatnam,Alluri Sitharama Raju
Andhra Pradesh,East Godavari,East Godavari
Andhra Pradesh,East Godavari,Kakinada
Andhra Pradesh,East Godavari,Dr. B.R. Ambedkar Konaseema
Andhra Pradesh,East Godavari,Alluri Sitharama Raju
Andhra Pradesh,West Godavari,West Godavari
Andhra Pradesh,West Godavari,Eluru
Andhra Pradesh,Krishna,Krishna
Andhra Pradesh,Krishna,NTR
Andhra Pradesh,Krishna,Eluru
Andhra Pradesh,Guntur,Guntur
Andhra Pradesh,Guntur,Bapatla
Andhra Pradesh,Guntur,Palnadu
Andhra Pradesh,Prakasam,Prakasam
Andhra Pradesh,Prakasam,Markapuram
Andhra Pradesh,Nellore,SPSR Nellore
Andhra Pradesh,Chittoor,Chittoor
Andhra Pradesh,Chittoor,Tirupati
Andhra Pradesh,Chittoor,Annamayya
Andhra Pradesh,YSR Kadapa,YSR Kadapa
Andhra Pradesh,YSR Kadapa,Annamayya
Andhra Pradesh,Kurnool,Kurnool
Andhra Pradesh,Kurnool,Nandyal
Andhra Pradesh,Anantapur,Ananthapuramu
Andhra Pradesh,Anantapur,Sri Sathya Sai
